Номер поручения;Заказчик;Дата поручения;Выполнено;Дата выполнения;Затрачено дней;Сумма вознаграждения;Описание;Тип поручения
11000;Анна;1051-08-11;да;1051-08-21;4.0;6000;В лесу по дороге от пещеры звери нападают на людей. Нужно убить их. Осмотрите все возможные укрытия, чтобы найти зверей.;3
11001;Мария;1051-07-09;да;1051-09-02;2.0;20000;В лесу по дороге от пещеры были замечены разбойники. Нужно убить их. Будьте осторожны, так как разбойники могут быть опасными.;3
11002;Эмилио;1053-10-05;да;1053-10-20;7.0;22500;По дороге из деревни монстры похитили путников. Нужно освободить их. Осмотрите все возможные укрытия, чтобы найти похищенных.;1
11003;Бьянка;1052-11-24;да;1052-12-02;5.0;5500;Недалеко от города видели монстров. Нужно победить их. Будьте осторожны, так как монстры могут быть опасными.;3
11004;Бьянка;1052-02-23;да;1052-03-30;8.0;10500;В деревне у меня пропала сумка с документами. Нужно найти её как можно скорее.;2
11005;Анна;1051-09-07;да;1051-09-24;4.0;9000;В лесу недалеко от города заметили зверей. Нужно убить их.;3
11006;Роман;1053-08-27;да;1053-10-18;8.0;8000;В пещере появвилось огромное каменное чудовище. Нужно уничтожить его.;0
11007;Иван;1051-02-14;да;1051-03-26;10.0;21500;В пещере появвилось огромное каменное чудовище. Нужно уничтожить его.;0
11008;Олег;1053-06-19;да;1053-06-24;3.0;12000;Недалеко от города у меня потерялась драгоценность. Нужно найти её как можно скорее.;2
11009;Татьяна;1052-10-19;да;1052-12-13;2.0;28500;В пещере появвилось огромное каменное чудовище. Нужно убить его.;0
11010;Анна;1051-02-12;да;1051-02-18;4.0;22500;Недалеко от города встречаются звери. Нужно убить их. Будьте осторожны, так как звери могут быть опасными.;3
11011;Аделина;1052-02-19;да;1052-02-28;3.0;6500;Недалеко от города заметили разбойников. Нужно прогнать их. Будьте осторожны, так как разбойники могут быть опасными.;3
11012;Эмилио;1052-01-08;да;1052-02-14;4.0;11000;В пещере завёлся дракон. Нужно его убить.;0
11013;Бабушка Синь;1053-05-23;да;1053-06-06;10.0;24500;В лесу около деревни разбойники нападают на людей. Нужно проучить их.;3
11014;Татьяна;1052-05-16;да;1052-05-30;3.0;17500;В лесу по дороге от пещеры заметили зверей. Нужно убить их.;3
11015;Анна;1052-12-25;да;1053-01-30;7.0;24500;В лесу по дороге от пещеры заметили зверей. Нужно прогнать их. Осмотрите все возможные укрытия, чтобы найти зверей.;3
11016;Надя;1051-10-27;да;1051-12-02;4.0;26500;В лесу около деревни видели монстров. Нужно уничтожить их. Осмотрите все возможные укрытия, чтобы найти монстров.;3
11017;Максимилиан;1053-03-03;да;1053-03-08;4.0;11500;В пещере завёлся дракон. Нужно его уничтожить.;0
11018;Надя;1053-03-14;да;1053-05-13;9.0;19500;По дороге из деревни монстры похитили путников. Нужно освободить их. Осмотрите все возможные укрытия, чтобы найти похищенных.;1
11019;Иван;1053-05-22;да;1053-06-08;10.0;7500;В городе у меня пропала сумка с документами. Нужно найти её как можно скорее.;2
11020;Бьянка;1051-06-24;да;1051-07-14;6.0;15500;Недалеко от города монстры похитили путников. Нужно спасти их. Осмотрите все возможные укрытия, чтобы найти похищенных.;1
11021;Чарли;1051-03-07;да;1051-04-04;5.0;13000;В лесу по дороге от пещеры заметили монстров. Нужно победить их.;3
11022;Надя;1051-08-23;да;1051-08-29;2.0;26000;В пещере появвилось огромное каменное чудовище. Нужно убить его.;0
11023;Леонтия;1051-02-16;да;1051-04-11;9.0;12500;В деревне у меня потерялся рюкзак. Нужно найти его как можно скорее.;2
11024;Эмилио;1051-06-04;да;1051-07-21;3.0;18500;В лесу недалеко от города заметили зверей. Нужно убить их. Осмотрите все возможные укрытия, чтобы найти зверей.;3
11025;Эмилио;1052-11-06;да;1052-12-31;1.0;24000;В деревне у меня была украдена сумка с документами. Нужно вернуть её как можно скорее.;2
11026;Эмилио;1051-01-10;да;1051-01-18;1.0;15000;В лесу между городом и деревней видели монстров. Нужно победить их.;3
11027;Леонтия;1051-07-19;да;1051-09-08;9.0;25500;В городе у меня пропал рюкзак. Нужно найти его как можно скорее.;2
11028;Надя;1053-04-09;да;1053-05-15;1.0;27500;В деревне у меня была украдена сумка с документами. Нужно найти её как можно скорее.;2
11029;Роман;1053-11-23;да;1054-01-13;9.0;17500;В городе у меня пропала сумка с документами. Нужно вернуть её как можно скорее.;2
11030;Чарли;1051-08-10;да;1051-08-15;3.0;14500;Недалеко от города у меня потерялась сумка с документами. Нужно вернуть её как можно скорее. Проверьте все места, где она могла быть оставлена.;2
11031;Аделина;1051-02-01;да;1051-03-24;5.0;29000;В городе у меня была украдена драгоценность. Нужно вернуть её как можно скорее.;2
11032;Иван;1052-07-07;да;1052-08-23;8.0;9000;Недалеко от города у меня был украден рюкзак. Нужно вернуть его как можно скорее.;2
11033;Надя;1052-04-12;да;1052-06-08;4.0;21500;В городе монстры похитили путников. Нужно спасти их. Осмотрите все возможные укрытия, чтобы найти похищенных.;1
11034;Анна;1052-12-21;да;1053-01-02;6.0;13000;Недалеко от города у меня была украдена сумка с документами. Нужно вернуть её как можно скорее.;2
11035;Влад;1052-06-26;да;1052-07-01;3.0;27500;В деревне у меня пропал рюкзак. Нужно найти его как можно скорее.;2
11036;Егор;1051-10-13;да;1051-10-16;2.0;18500;В лесу между городом и деревней видели монстров. Нужно победить их.;3
11037;Татьяна;1053-04-01;да;1053-05-20;1.0;6500;В пещере появвилось огромное каменное чудовище. Нужно уничтожить его. Это может потребовать времени и усилий, так как огромное каменное чудовище очень опасен.;0
11038;Влад;1052-07-03;да;1052-08-03;3.0;19000;Недалеко от города монстры похитили путников. Нужно спасти их. Осмотрите все возможные укрытия, чтобы найти похищенных.;1
11039;Иван;1052-02-26;да;1052-03-05;1.0;26500;В пещере завёлся дракон. Нужно его убить.;0
11040;Бабушка Синь;1052-02-18;да;1052-03-19;7.0;12500;По дороге из деревни монстры похитили путников. Нужно освободить их. Осмотрите все возможные укрытия, чтобы найти похищенных.;1
11041;Анна;1053-04-10;да;1053-04-18;7.0;15500;В лесу между городом и деревней монстры нападают на людей. Нужно уничтожить их.;3
11042;Егор;1052-09-20;да;1052-11-01;5.0;5000;В деревне монстры похитили путников. Нужно освободить их. Осмотрите все возможные укрытия, чтобы найти похищенных.;1
11043;Бьянка;1052-08-07;да;1052-09-28;1.0;9000;В лесу между городом и деревней заметили зверей. Нужно прогнать их.;3
11044;Надя;1051-09-28;да;1051-11-26;4.0;7500;По дороге из деревни встречаются звери. Нужно прогнать их.;3
11045;Олег;1051-07-16;да;1051-08-03;5.0;29000;В пещере завёлся дракон. Нужно его уничтожить. Это может потребовать времени и усилий, так как дракон очень опасен.;0
11046;Максимилиан;1053-03-02;да;1053-04-01;4.0;16000;В городе у меня потерялся рюкзак. Нужно вернуть его как можно скорее.;2
11047;Иван;1052-05-06;да;1052-05-21;2.0;10500;Недалеко от города у меня потерялась драгоценность. Нужно найти её как можно скорее.;2
11048;Леонтия;1053-11-01;да;1053-12-24;10.0;21500;В городе у меня пропал рюкзак. Нужно вернуть его как можно скорее.;2
11049;Влад;1052-12-09;да;1052-12-26;4.0;25000;В пещере появвилось огромное каменное чудовище. Нужно уничтожить его. Это может потребовать времени и усилий, так как огромное каменное чудовище очень опасен.;0
11050;Чарли;1052-09-01;да;1052-09-16;7.0;8500;В лесу по дороге от пещеры заметили зверей. Нужно убить их. Осмотрите все возможные укрытия, чтобы найти зверей.;3
11051;Татьяна;1051-06-26;да;1051-07-29;9.0;21500;В деревне у меня была украдена сумка с документами. Нужно вернуть её как можно скорее.;2
11052;Анна;1052-09-12;да;1052-10-10;7.0;6000;В деревне у меня потерялась драгоценность. Нужно найти её как можно скорее. Проверьте все места, где она могла быть оставлена.;2
11053;Максимилиан;1052-03-25;да;1052-05-19;9.0;12500;Недалеко от города у меня была украдена драгоценность. Нужно найти её как можно скорее.;2
11054;Бабушка Синь;1052-01-21;да;1052-03-09;9.0;21500;В пещере завёлся дракон. Нужно его убить. Это может потребовать времени и усилий, так как дракон очень опасен.;0
11055;Олег;1052-05-12;да;1052-06-27;1.0;11000;В пещере завёлся дракон. Нужно его уничтожить. Это может потребовать времени и усилий, так как дракон очень опасен.;0
11056;Мария;1053-09-06;нет;;;23500;По дороге из деревни у меня пропала драгоценность. Нужно вернуть её как можно скорее.;2
11057;Эмилио;1051-12-09;да;1051-12-17;4.0;28000;В пещере завёлся дракон. Нужно его уничтожить.;0
11058;Бьянка;1053-05-11;да;1053-06-04;4.0;23000;В пещере завёлся дракон. Нужно его убить.;0
11059;Егор;1053-10-25;да;1053-11-27;10.0;14000;В пещере появвилось огромное каменное чудовище. Нужно уничтожить его.;0
11060;Анна;1052-01-31;да;1052-02-06;5.0;23500;В городе у меня потерялась драгоценность. Нужно вернуть её как можно скорее.;2
11061;Роман;1052-11-10;да;1052-12-09;10.0;25500;В пещере завёлся дракон. Нужно его уничтожить.;0
11062;Эмилио;1051-08-18;да;1051-09-11;5.0;15000;В пещере завёлся дракон. Нужно его убить.;0
11063;Мария;1053-04-28;да;1053-05-11;9.0;24500;В лесу около деревни заметили монстров. Нужно победить их.;3
11064;Влад;1053-05-06;да;1053-06-11;1.0;26500;В городе у меня пропала драгоценность. Нужно найти её как можно скорее.;2
11065;Бабушка Синь;1051-09-02;да;1051-10-18;3.0;26000;В пещере появвилось огромное каменное чудовище. Нужно уничтожить его.;0
11066;Бьянка;1053-05-19;да;1053-06-05;2.0;27000;В пещере завёлся дракон. Нужно его убить. Это может потребовать времени и усилий, так как дракон очень опасен.;0
11067;Анна;1051-01-10;да;1051-01-14;1.0;29500;В пещере появвилось огромное каменное чудовище. Нужно убить его.;0
11068;Надя;1052-05-31;да;1052-06-13;6.0;9000;В пещере завёлся дракон. Нужно его уничтожить. Это может потребовать времени и усилий, так как дракон очень опасен.;0
11069;Аделина;1052-06-30;да;1052-08-16;8.0;11500;В лесу недалеко от города заметили разбойников. Нужно прогнать их.;3
11070;Эмилио;1053-07-04;да;1053-08-12;3.0;8000;В деревне монстры похитили путников. Нужно спасти их.;1
11071;Татьяна;1052-04-12;да;1052-06-11;8.0;5500;В лесу по дороге от пещеры были замечены разбойники. Нужно проучить их. Осмотрите все возможные укрытия, чтобы найти разбойников.;3
11072;Анна;1053-06-15;да;1053-07-31;3.0;15000;В пещере появвилось огромное каменное чудовище. Нужно уничтожить его.;0
11073;Олег;1053-02-16;да;1053-04-04;2.0;17500;В пещере завёлся дракон. Нужно его уничтожить.;0
11074;Мария;1051-12-02;да;1052-01-25;10.0;18500;В пещере завёлся дракон. Нужно его уничтожить. Это может потребовать времени и усилий, так как дракон очень опасен.;0
11075;Леонтия;1053-03-06;да;1053-05-05;9.0;14500;В пещере завёлся дракон. Нужно его убить.;0
11076;Чарли;1053-09-26;да;1053-11-16;9.0;22000;В лесу по дороге от пещеры монстры нападают на людей. Нужно победить их.;3
11077;Бьянка;1053-10-09;да;1053-12-06;8.0;24500;В лесу по дороге от пещеры монстры нападают на людей. Нужно уничтожить их.;3
11078;Леонтия;1051-09-18;да;1051-11-12;6.0;8500;В пещере появвилось огромное каменное чудовище. Нужно уничтожить его.;0
11079;Иван;1051-10-10;да;1051-10-17;4.0;12500;В пещере появвилось огромное каменное чудовище. Нужно убить его.;0
11080;Чарли;1051-06-13;да;1051-07-23;6.0;25500;В лесу по дороге от пещеры видели монстров. Нужно уничтожить их.;3
11081;Татьяна;1052-05-29;да;1052-06-27;9.0;19500;Недалеко от города звери нападают на людей. Нужно убить их.;3
11082;Роман;1051-09-05;да;1051-09-21;8.0;19000;В лесу между городом и деревней встречаются звери. Нужно прогнать их.;3
11083;Надя;1051-05-24;да;1051-06-14;1.0;20000;По дороге из деревни заметили монстров. Нужно победить их.;3
11084;Анна;1053-04-30;да;1053-05-03;1.0;5500;В пещере завёлся дракон. Нужно его уничтожить.;0
11085;Татьяна;1052-09-21;да;1052-10-04;4.0;17000;По дороге из деревни монстры нападают на людей. Нужно победить их. Осмотрите все возможные укрытия, чтобы найти монстров.;3
11086;Максимилиан;1051-12-23;да;1052-02-12;10.0;24500;В городе монстры похитили путников. Нужно спасти их. Осмотрите все возможные укрытия, чтобы найти похищенных.;1
11087;Роман;1051-09-11;да;1051-09-23;9.0;12000;В лесу недалеко от города монстры нападают на людей. Нужно победить их.;3
11088;Анна;1052-09-30;да;1052-10-12;7.0;13500;В пещере появвилось огромное каменное чудовище. Нужно уничтожить его.;0
11089;Бабушка Синь;1051-08-17;да;1051-08-21;3.0;16500;В пещере появвилось огромное каменное чудовище. Нужно уничтожить его.;0
11090;Анна;1051-04-14;да;1051-05-03;10.0;24000;В лесу около деревни разбойники нападают на людей. Нужно проучить их.;3
11091;Аделина;1051-02-08;да;1051-03-26;3.0;19000;Недалеко от города монстры нападают на людей. Нужно уничтожить их.;3
11092;Леонтия;1053-08-31;да;1053-09-16;6.0;7000;В лесу по дороге от пещеры заметили зверей. Нужно прогнать их.;3
11093;Егор;1052-10-28;да;1052-11-04;6.0;24500;В лесу между городом и деревней монстры нападают на людей. Нужно победить их.;3
11094;Леонтия;1052-11-23;да;1053-01-09;2.0;17500;По дороге из деревни монстры похитили путников. Нужно освободить их. Осмотрите все возможные укрытия, чтобы найти похищенных.;1
11095;Бьянка;1052-04-25;да;1052-05-07;7.0;23500;По дороге из деревни у меня пропала драгоценность. Нужно вернуть её как можно скорее. Проверьте все места, где она могла быть оставлена.;2
11096;Бьянка;1053-10-17;да;1053-11-26;9.0;8000;Недалеко от города у меня была украдена драгоценность. Нужно найти её как можно скорее.;2
11097;Роман;1052-08-18;да;1052-09-25;8.0;26500;В лесу недалеко от города заметили разбойников. Нужно проучить их.;3
11098;Бьянка;1052-07-16;да;1052-09-07;6.0;5500;В пещере завёлся дракон. Нужно его уничтожить. Это может потребовать времени и усилий, так как дракон очень опасен.;0
11099;Чарли;1051-09-11;да;1051-10-12;8.0;28500;В городе у меня была украдена драгоценность. Нужно вернуть её как можно скорее.;2
11100;Анна;1051-04-10;да;1051-05-22;5.0;7500;Недалеко от города заметили монстров. Нужно уничтожить их. Будьте осторожны, так как монстры могут быть опасными.;3
11101;Максимилиан;1051-11-25;да;1052-01-04;2.0;25000;В лесу недалеко от города заметили зверей. Нужно прогнать их.;3
11102;Надя;1053-01-25;да;1053-01-31;1.0;22500;В пещере появвилось огромное каменное чудовище. Нужно убить его.;0
11103;Чарли;1051-10-07;да;1051-11-18;2.0;6000;В пещере появвилось огромное каменное чудовище. Нужно уничтожить его.;0
11104;Влад;1051-10-29;да;1051-12-04;1.0;21000;В лесу около деревни разбойники нападают на людей. Нужно прогнать их.;3
11105;Олег;1052-03-17;да;1052-04-18;8.0;24500;По дороге из деревни монстры похитили путников. Нужно освободить их. Осмотрите все возможные укрытия, чтобы найти похищенных.;1
11106;Мария;1052-08-01;да;1052-09-25;9.0;10000;В городе у меня была украдена драгоценность. Нужно найти её как можно скорее.;2
11107;Максимилиан;1052-07-16;да;1052-08-27;5.0;8000;В деревне у меня была украдена сумка с документами. Нужно вернуть её как можно скорее.;2
11108;Егор;1051-09-22;да;1051-10-10;5.0;26500;В деревне монстры похитили путников. Нужно спасти их.;1
11109;Анна;1051-11-09;да;1051-12-29;3.0;5000;Недалеко от города заметили монстров. Нужно уничтожить их. Будьте осторожны, так как монстры могут быть опасными.;3
11110;Татьяна;1052-03-19;да;1052-03-25;5.0;19500;По дороге из деревни разбойники нападают на людей. Нужно прогнать их. Будьте осторожны, так как разбойники могут быть опасными.;3
11111;Чарли;1053-03-12;да;1053-04-20;8.0;20000;В лесу между городом и деревней были замечены разбойники. Нужно убить их.;3
11112;Аделина;1051-02-22;да;1051-04-12;8.0;6000;В городе у меня потерялась сумка с документами. Нужно вернуть её как можно скорее.;2
11113;Анна;1053-11-01;да;1053-12-19;9.0;12000;По дороге из деревни монстры похитили путников. Нужно освободить их.;1
11114;Олег;1053-07-05;да;1053-07-13;7.0;28000;В городе у меня был украден рюкзак. Нужно вернуть его как можно скорее.;2
11115;Олег;1051-09-02;да;1051-09-25;2.0;27500;По дороге из деревни монстры похитили путников. Нужно освободить их.;1
11116;Роман;1051-10-06;да;1051-10-27;3.0;17000;В пещере завёлся дракон. Нужно его убить.;0
11117;Максимилиан;1053-02-20;да;1053-04-10;10.0;21500;Недалеко от города у меня была украдена сумка с документами. Нужно найти её как можно скорее.;2
11118;Максимилиан;1051-07-02;да;1051-07-26;10.0;12500;Недалеко от города у меня потерялась драгоценность. Нужно вернуть её как можно скорее. Проверьте все места, где она могла быть оставлена.;2
11119;Эмилио;1052-05-09;да;1052-06-06;1.0;25500;В пещере завёлся дракон. Нужно его уничтожить.;0
11120;Леонтия;1053-06-30;да;1053-07-08;1.0;26000;В лесу между городом и деревней были замечены разбойники. Нужно прогнать их.;3
11121;Роман;1053-04-25;да;1053-06-16;7.0;26500;В лесу между городом и деревней монстры нападают на людей. Нужно уничтожить их.;3
11122;Бабушка Синь;1051-10-16;да;1051-10-29;1.0;19500;По дороге из деревни заметили монстров. Нужно уничтожить их. Будьте осторожны, так как монстры могут быть опасными.;3
11123;Татьяна;1052-12-02;да;1053-01-20;6.0;12500;В деревне монстры похитили путников. Нужно спасти их.;1
11124;Чарли;1052-03-11;да;1052-05-07;6.0;21000;В лесу по дороге от пещеры видели монстров. Нужно уничтожить их.;3
11125;Аделина;1053-04-14;да;1053-04-28;8.0;26500;В городе у меня потерялась сумка с документами. Нужно найти её как можно скорее.;2
11126;Роман;1051-08-21;да;1051-09-20;3.0;20500;В пещере завёлся дракон. Нужно его уничтожить.;0
11127;Бабушка Синь;1053-07-16;да;1053-07-27;4.0;12000;В лесу недалеко от города заметили разбойников. Нужно убить их.;3
11128;Надя;1052-02-15;да;1052-03-21;8.0;26500;Недалеко от города у меня был украден рюкзак. Нужно вернуть его как можно скорее.;2
11129;Олег;1051-04-23;да;1051-05-03;8.0;6500;В лесу между городом и деревней заметили зверей. Нужно убить их.;3
11130;Олег;1052-12-13;да;1052-12-19;1.0;16000;Недалеко от города монстры похитили путников. Нужно спасти их. Осмотрите все возможные укрытия, чтобы найти похищенных.;1
11131;Татьяна;1051-03-27;да;1051-05-23;6.0;19000;В пещере завёлся дракон. Нужно его убить.;0
11132;Эмилио;1052-03-14;да;1052-04-07;5.0;20000;В лесу по дороге от пещеры встречаются звери. Нужно прогнать их.;3
11133;Анна;1053-11-27;да;1053-12-15;10.0;20500;В пещере появвилось огромное каменное чудовище. Нужно убить его.;0
11134;Иван;1053-09-04;нет;;;27500;В пещере появвилось огромное каменное чудовище. Нужно уничтожить его.;0
11135;Олег;1051-01-28;да;1051-02-13;7.0;25500;В пещере завёлся дракон. Нужно его убить. Это может потребовать времени и усилий, так как дракон очень опасен.;0
11136;Мария;1053-08-19;да;1053-09-20;4.0;19500;В пещере появвилось огромное каменное чудовище. Нужно уничтожить его.;0
11137;Бабушка Синь;1051-02-21;да;1051-03-03;9.0;16000;В лесу недалеко от города встречаются звери. Нужно убить их.;3
11138;Надя;1051-08-09;да;1051-09-03;5.0;15500;В пещере появвилось огромное каменное чудовище. Нужно уничтожить его.;0
11139;Мария;1052-06-12;да;1052-08-04;8.0;5000;В городе у меня была украдена сумка с документами. Нужно вернуть её как можно скорее. Проверьте все места, где она могла быть оставлена.;2
11140;Аделина;1053-06-09;да;1053-06-14;4.0;25500;В лесу по дороге от пещеры были замечены разбойники. Нужно убить их.;3
11141;Аделина;1053-10-12;да;1053-11-10;1.0;18000;В пещере появвилось огромное каменное чудовище. Нужно уничтожить его.;0
11142;Аделина;1052-06-06;да;1052-07-05;4.0;11000;Недалеко от города монстры похитили путников. Нужно освободить их. Осмотрите все возможные укрытия, чтобы найти похищенных.;1
11143;Егор;1053-10-18;нет;;;10500;В пещере завёлся дракон. Нужно его убить. Это может потребовать времени и усилий, так как дракон очень опасен.;0
11144;Роман;1052-05-01;да;1052-06-28;2.0;14500;В пещере завёлся дракон. Нужно его уничтожить. Это может потребовать времени и усилий, так как дракон очень опасен.;0
11145;Влад;1051-04-20;да;1051-04-28;1.0;10000;Недалеко от города у меня потерялась драгоценность. Нужно найти её как можно скорее.;2
11146;Роман;1051-02-27;да;1051-03-20;5.0;28000;В пещере появвилось огромное каменное чудовище. Нужно уничтожить его.;0
11147;Аделина;1053-08-16;да;1053-10-08;8.0;20000;Недалеко от города у меня пропала сумка с документами. Нужно вернуть её как можно скорее.;2
11148;Бабушка Синь;1052-07-03;да;1052-08-06;7.0;22000;По дороге из деревни у меня была украдена драгоценность. Нужно найти её как можно скорее.;2
11149;Татьяна;1052-03-14;да;1052-04-18;4.0;15500;По дороге из деревни монстры похитили путников. Нужно освободить их.;1
11150;Иван;1053-01-28;да;1053-03-14;3.0;11500;По дороге из деревни у меня потерялась сумка с документами. Нужно найти её как можно скорее.;2
11151;Бабушка Синь;1053-08-23;да;1053-08-28;4.0;10500;В пещере завёлся дракон. Нужно его убить.;0
11152;Олег;1053-02-03;да;1053-03-20;1.0;7000;В пещере появвилось огромное каменное чудовище. Нужно убить его.;0
11153;Влад;1052-11-04;да;1052-11-22;4.0;17000;В пещере появвилось огромное каменное чудовище. Нужно убить его.;0
11154;Аделина;1053-09-22;да;1053-11-12;10.0;14000;В городе у меня пропал рюкзак. Нужно вернуть его как можно скорее.;2
11155;Бабушка Синь;1052-09-12;да;1052-09-17;4.0;13500;В пещере появвилось огромное каменное чудовище. Нужно уничтожить его.;0
11156;Егор;1053-02-28;да;1053-03-08;5.0;16500;В пещере завёлся дракон. Нужно его уничтожить. Это может потребовать времени и усилий, так как дракон очень опасен.;0
11157;Бьянка;1053-08-28;да;1053-09-04;2.0;23500;В деревне у меня пропала драгоценность. Нужно найти её как можно скорее.;2
11158;Иван;1053-02-09;да;1053-02-19;3.0;28000;Недалеко от города заметили монстров. Нужно уничтожить их.;3
11159;Егор;1051-12-24;да;1051-12-31;3.0;7000;В лесу между городом и деревней встречаются звери. Нужно убить их.;3
11160;Аделина;1052-07-02;да;1052-07-18;3.0;7000;В городе у меня потерялся рюкзак. Нужно найти его как можно скорее. Проверьте все места, где он мог быть оставлен.;2
11161;Эмилио;1053-10-03;нет;;;7500;В городе у меня потерялся рюкзак. Нужно найти его как можно скорее.;2
11162;Чарли;1051-04-03;да;1051-04-26;3.0;6000;По дороге из деревни разбойники нападают на людей. Нужно проучить их. Будьте осторожны, так как разбойники могут быть опасными.;3
11163;Влад;1052-12-16;да;1052-12-27;5.0;16000;В городе монстры похитили путников. Нужно спасти их. Осмотрите все возможные укрытия, чтобы найти похищенных.;1
11164;Олег;1053-05-04;да;1053-05-29;6.0;26500;Недалеко от города у меня был украден рюкзак. Нужно найти его как можно скорее.;2
11165;Чарли;1053-04-14;да;1053-06-10;9.0;12000;Недалеко от города монстры похитили путников. Нужно освободить их. Осмотрите все возможные укрытия, чтобы найти похищенных.;1
11166;Иван;1052-05-31;да;1052-07-21;2.0;17500;По дороге из деревни у меня была украдена сумка с документами. Нужно вернуть её как можно скорее.;2
11167;Егор;1053-02-09;да;1053-03-05;5.0;6000;В пещере появвилось огромное каменное чудовище. Нужно уничтожить его.;0
11168;Надя;1052-01-13;да;1052-03-11;7.0;13500;В пещере завёлся дракон. Нужно его убить.;0
11169;Бабушка Синь;1053-02-20;да;1053-03-07;7.0;7500;В деревне монстры похитили путников. Нужно спасти их.;1
11170;Анна;1052-09-20;да;1052-09-27;6.0;12000;В городе у меня пропала драгоценность. Нужно вернуть её как можно скорее. Проверьте все места, где она могла быть оставлена.;2
11171;Иван;1052-08-30;да;1052-09-11;8.0;12500;В лесу между городом и деревней были замечены разбойники. Нужно проучить их.;3
11172;Роман;1052-07-11;да;1052-09-08;6.0;9500;Недалеко от города у меня была украдена сумка с документами. Нужно найти её как можно скорее.;2
11173;Бабушка Синь;1051-02-18;да;1051-03-21;4.0;7500;По дороге из деревни встречаются звери. Нужно прогнать их. Будьте осторожны, так как звери могут быть опасными.;3
11174;Мария;1051-08-05;да;1051-09-17;2.0;15000;По дороге из деревни у меня потерялась драгоценность. Нужно вернуть её как можно скорее. Проверьте все места, где она могла быть оставлена.;2
11175;Влад;1053-08-19;да;1053-09-30;9.0;9500;По дороге из деревни заметили разбойников. Нужно убить их.;3
11176;Леонтия;1052-02-18;да;1052-04-08;3.0;18000;Недалеко от города разбойники нападают на людей. Нужно убить их.;3
11177;Влад;1053-05-16;да;1053-06-18;9.0;13500;В городе у меня была украдена драгоценность. Нужно вернуть её как можно скорее. Проверьте все места, где она могла быть оставлена.;2
11178;Бьянка;1051-04-01;да;1051-05-08;3.0;21000;В деревне у меня был украден рюкзак. Нужно найти его как можно скорее.;2
11179;Эмилио;1052-07-26;да;1052-09-04;5.0;26000;В пещере появвилось огромное каменное чудовище. Нужно убить его.;0
11180;Бьянка;1051-06-06;да;1051-07-30;10.0;5500;В деревне у меня пропал рюкзак. Нужно найти его как можно скорее.;2
11181;Надя;1053-01-11;да;1053-01-20;3.0;29000;Недалеко от города у меня пропала драгоценность. Нужно вернуть её как можно скорее.;2
11182;Чарли;1051-08-14;да;1051-09-26;5.0;13500;В городе у меня пропала драгоценность. Нужно вернуть её как можно скорее. Проверьте все места, где она могла быть оставлена.;2
11183;Бьянка;1051-04-24;да;1051-06-05;6.0;11000;В лесу около деревни были замечены разбойники. Нужно проучить их. Будьте осторожны, так как разбойники могут быть опасными.;3
11184;Максимилиан;1052-03-26;да;1052-05-21;2.0;15000;В пещере появвилось огромное каменное чудовище. Нужно убить его. Это может потребовать времени и усилий, так как огромное каменное чудовище очень опасен.;0
11185;Мария;1051-01-22;да;1051-01-25;1.0;23000;В лесу между городом и деревней монстры нападают на людей. Нужно уничтожить их.;3
11186;Бабушка Синь;1052-01-02;да;1052-01-14;1.0;10500;В пещере завёлся дракон. Нужно его уничтожить.;0
11187;Надя;1052-04-24;да;1052-06-18;7.0;15000;Недалеко от города у меня был украден рюкзак. Нужно вернуть его как можно скорее.;2
11188;Аделина;1053-09-19;да;1053-11-06;9.0;13000;В лесу недалеко от города заметили разбойников. Нужно убить их. Осмотрите все возможные укрытия, чтобы найти разбойников.;3
11189;Роман;1052-07-14;да;1052-08-20;8.0;24500;Недалеко от города заметили разбойников. Нужно прогнать их.;3
11190;Егор;1053-08-15;да;1053-09-03;1.0;25500;В лесу между городом и деревней были замечены разбойники. Нужно прогнать их. Будьте осторожны, так как разбойники могут быть опасными.;3
11191;Бабушка Синь;1052-07-09;да;1052-08-04;3.0;16000;В городе у меня пропал рюкзак. Нужно вернуть его как можно скорее. Проверьте все места, где он мог быть оставлен.;2
11192;Влад;1051-12-06;да;1052-01-22;6.0;7000;Недалеко от города заметили монстров. Нужно победить их.;3
11193;Бабушка Синь;1051-01-22;да;1051-02-17;3.0;21500;В лесу недалеко от города видели монстров. Нужно уничтожить их. Осмотрите все возможные укрытия, чтобы найти монстров.;3
11194;Татьяна;1052-09-07;да;1052-10-29;8.0;8500;В лесу по дороге от пещеры заметили разбойников. Нужно убить их.;3
11195;Бьянка;1051-07-31;да;1051-08-17;7.0;15000;В лесу между городом и деревней звери нападают на людей. Нужно прогнать их.;3
11196;Максимилиан;1052-07-22;да;1052-09-04;3.0;17000;Недалеко от города монстры похитили путников. Нужно спасти их. Осмотрите все возможные укрытия, чтобы найти похищенных.;1
11197;Бабушка Синь;1051-05-30;да;1051-07-06;7.0;20500;В пещере завёлся дракон. Нужно его уничтожить.;0
11198;Леонтия;1053-01-18;да;1053-01-23;3.0;28500;В лесу недалеко от города заметили разбойников. Нужно прогнать их. Осмотрите все возможные укрытия, чтобы найти разбойников.;3
11199;Олег;1051-02-28;да;1051-03-17;6.0;7000;В лесу около деревни заметили разбойников. Нужно убить их.;3
11200;Бабушка Синь;1053-02-26;да;1053-04-27;10.0;17000;В лесу между городом и деревней видели монстров. Нужно уничтожить их.;3
11201;Чарли;1052-11-23;да;1053-01-22;10.0;29000;В лесу около деревни были замечены разбойники. Нужно проучить их.;3
11202;Леонтия;1051-09-04;да;1051-09-08;2.0;5000;В лесу по дороге от пещеры заметили монстров. Нужно победить их. Осмотрите все возможные укрытия, чтобы найти монстров.;3
11203;Аделина;1052-06-03;да;1052-07-03;5.0;11500;По дороге из деревни монстры похитили путников. Нужно спасти их. Осмотрите все возможные укрытия, чтобы найти похищенных.;1
11204;Анна;1051-07-25;да;1051-09-16;5.0;5500;Недалеко от города у меня потерялась сумка с документами. Нужно найти её как можно скорее.;2
11205;Татьяна;1053-07-22;да;1053-08-13;10.0;25000;В лесу около деревни встречаются звери. Нужно убить их.;3
11206;Иван;1052-12-18;да;1052-12-25;1.0;9500;В городе у меня была украдена драгоценность. Нужно найти её как можно скорее.;2
11207;Максимилиан;1053-01-27;да;1053-02-21;7.0;17500;В лесу по дороге от пещеры встречаются звери. Нужно прогнать их. Будьте осторожны, так как звери могут быть опасными.;3
11208;Чарли;1053-09-10;да;1053-09-21;8.0;9500;В деревне монстры похитили путников. Нужно освободить их. Осмотрите все возможные укрытия, чтобы найти похищенных.;1
11209;Леонтия;1052-04-20;да;1052-05-23;2.0;21000;Недалеко от города заметили зверей. Нужно убить их.;3
11210;Эмилио;1052-12-14;да;1052-12-20;3.0;5500;В лесу недалеко от города заметили разбойников. Нужно убить их.;3
11211;Бьянка;1052-11-02;да;1052-12-13;8.0;22000;В пещере завёлся дракон. Нужно его уничтожить. Это может потребовать времени и усилий, так как дракон очень опасен.;0
11212;Анна;1051-04-15;да;1051-05-18;3.0;20500;По дороге из деревни у меня пропала драгоценность. Нужно найти её как можно скорее.;2
11213;Бабушка Синь;1051-08-16;да;1051-10-11;8.0;15000;В пещере появвилось огромное каменное чудовище. Нужно убить его.;0
11214;Татьяна;1053-03-07;да;1053-04-29;3.0;17000;По дороге из деревни у меня пропала сумка с документами. Нужно найти её как можно скорее. Проверьте все места, где она могла быть оставлена.;2
11215;Эмилио;1052-10-19;да;1052-11-05;9.0;29000;В деревне у меня была украдена сумка с документами. Нужно вернуть её как можно скорее. Проверьте все места, где она могла быть оставлена.;2
11216;Бабушка Синь;1051-02-18;да;1051-03-22;2.0;28000;Недалеко от города у меня пропала драгоценность. Нужно вернуть её как можно скорее. Проверьте все места, где она могла быть оставлена.;2
11217;Эмилио;1053-02-26;да;1053-03-12;5.0;7500;По дороге из деревни у меня была украдена драгоценность. Нужно найти её как можно скорее. Проверьте все места, где она могла быть оставлена.;2
11218;Олег;1053-10-01;нет;;;16000;Недалеко от города монстры похитили путников. Нужно спасти их. Осмотрите все возможные укрытия, чтобы найти похищенных.;1
11219;Егор;1052-08-04;да;1052-08-16;10.0;19500;Недалеко от города монстры похитили путников. Нужно освободить их. Осмотрите все возможные укрытия, чтобы найти похищенных.;1
11220;Влад;1052-11-25;да;1052-12-25;1.0;28000;В лесу недалеко от города встречаются звери. Нужно убить их.;3
11221;Иван;1052-04-12;да;1052-05-17;1.0;11500;Недалеко от города у меня потерялась сумка с документами. Нужно найти её как можно скорее. Проверьте все места, где она могла быть оставлена.;2
11222;Чарли;1052-08-14;да;1052-10-11;9.0;25500;В деревне у меня пропал рюкзак. Нужно вернуть его как можно скорее.;2
11223;Леонтия;1051-10-30;да;1051-11-02;2.0;6500;В лесу по дороге от пещеры видели монстров. Нужно победить их.;3
11224;Татьяна;1053-01-20;да;1053-01-29;5.0;12500;Недалеко от города у меня пропал рюкзак. Нужно найти его как можно скорее.;2
11225;Влад;1052-05-23;да;1052-07-05;9.0;29500;В пещере завёлся дракон. Нужно его уничтожить.;0
11226;Надя;1052-02-02;да;1052-02-24;5.0;16500;В лесу около деревни видели монстров. Нужно уничтожить их. Осмотрите все возможные укрытия, чтобы найти монстров.;3
11227;Леонтия;1051-08-18;да;1051-10-02;1.0;14500;В лесу около деревни заметили зверей. Нужно убить их.;3
11228;Егор;1051-04-24;да;1051-06-17;4.0;14000;Недалеко от города у меня пропала драгоценность. Нужно вернуть её как можно скорее. Проверьте все места, где она могла быть оставлена.;2
11229;Роман;1052-03-16;да;1052-03-31;4.0;11500;Недалеко от города разбойники нападают на людей. Нужно убить их. Будьте осторожны, так как разбойники могут быть опасными.;3
11230;Роман;1052-12-03;да;1052-12-20;7.0;10500;В городе у меня пропала драгоценность. Нужно найти её как можно скорее.;2
11231;Леонтия;1052-03-16;да;1052-03-20;3.0;22500;Недалеко от города заметили зверей. Нужно прогнать их.;3
11232;Бабушка Синь;1053-10-22;нет;;;17500;В деревне монстры похитили путников. Нужно спасти их.;1
11233;Максимилиан;1053-03-27;да;1053-05-01;7.0;24000;По дороге из деревни у меня пропал рюкзак. Нужно найти его как можно скорее.;2
11234;Олег;1053-10-24;нет;;;17000;В лесу по дороге от пещеры заметили разбойников. Нужно прогнать их.;3
11235;Егор;1051-07-29;да;1051-09-09;5.0;13500;В городе у меня потерялся рюкзак. Нужно вернуть его как можно скорее.;2
11236;Анна;1052-04-17;да;1052-05-31;9.0;26000;В лесу по дороге от пещеры заметили разбойников. Нужно проучить их.;3
11237;Эмилио;1051-05-23;да;1051-07-14;2.0;23000;В лесу недалеко от города звери нападают на людей. Нужно убить их.;3
11238;Эмилио;1051-03-19;да;1051-04-24;2.0;21000;В лесу по дороге от пещеры разбойники нападают на людей. Нужно прогнать их.;3
11239;Татьяна;1052-11-14;да;1052-11-20;1.0;9500;В лесу по дороге от пещеры звери нападают на людей. Нужно убить их. Осмотрите все возможные укрытия, чтобы найти зверей.;3
11240;Эмилио;1053-05-06;да;1053-06-23;7.0;15000;В лесу между городом и деревней разбойники нападают на людей. Нужно убить их. Осмотрите все возможные укрытия, чтобы найти разбойников.;3
11241;Максимилиан;1052-12-18;да;1053-01-28;4.0;15500;В городе монстры похитили путников. Нужно спасти их. Осмотрите все возможные укрытия, чтобы найти похищенных.;1
11242;Аделина;1051-04-13;да;1051-06-07;5.0;23000;Недалеко от города у меня пропала сумка с документами. Нужно вернуть её как можно скорее. Проверьте все места, где она могла быть оставлена.;2
11243;Иван;1052-11-22;да;1053-01-15;7.0;8000;В деревне у меня потерялся рюкзак. Нужно вернуть его как можно скорее.;2
11244;Эмилио;1053-08-18;да;1053-08-25;2.0;29000;В пещере завёлся дракон. Нужно его убить.;0
11245;Чарли;1053-07-08;да;1053-08-05;2.0;5500;В городе у меня потерялся рюкзак. Нужно найти его как можно скорее.;2
11246;Анна;1051-09-01;да;1051-10-16;6.0;8500;В пещере завёлся дракон. Нужно его убить.;0
11247;Роман;1052-07-16;да;1052-08-19;6.0;18500;В деревне монстры похитили путников. Нужно освободить их. Осмотрите все возможные укрытия, чтобы найти похищенных.;1
11248;Максимилиан;1052-07-30;да;1052-09-26;2.0;23000;В деревне монстры похитили путников. Нужно освободить их. Осмотрите все возможные укрытия, чтобы найти похищенных.;1
11249;Леонтия;1053-07-10;да;1053-08-25;1.0;14000;В деревне монстры похитили путников. Нужно спасти их.;1
11250;Егор;1052-06-28;да;1052-07-24;9.0;22000;В пещере появвилось огромное каменное чудовище. Нужно уничтожить его.;0
11251;Иван;1051-07-16;да;1051-09-12;3.0;23500;По дороге из деревни встречаются звери. Нужно убить их. Будьте осторожны, так как звери могут быть опасными.;3
11252;Олег;1051-10-25;да;1051-11-17;3.0;25000;По дороге из деревни монстры похитили путников. Нужно спасти их. Осмотрите все возможные укрытия, чтобы найти похищенных.;1
11253;Чарли;1051-11-13;да;1052-01-02;1.0;9000;Недалеко от города заметили зверей. Нужно убить их. Будьте осторожны, так как звери могут быть опасными.;3
11254;Аделина;1053-01-15;да;1053-02-11;9.0;24500;Недалеко от города звери нападают на людей. Нужно прогнать их.;3
11255;Максимилиан;1052-03-16;да;1052-04-09;7.0;9500;В пещере появвилось огромное каменное чудовище. Нужно убить его.;0
11256;Иван;1053-07-13;да;1053-08-30;10.0;21500;В пещере появвилось огромное каменное чудовище. Нужно уничтожить его.;0
11257;Эмилио;1053-01-25;да;1053-03-23;1.0;25500;В лесу по дороге от пещеры заметили монстров. Нужно победить их.;3
11258;Анна;1053-06-04;да;1053-08-02;9.0;18500;В лесу между городом и деревней заметили разбойников. Нужно убить их.;3
11259;Бабушка Синь;1052-03-02;да;1052-03-29;2.0;15000;В пещере появвилось огромное каменное чудовище. Нужно убить его.;0
11260;Бьянка;1052-05-08;да;1052-07-02;7.0;25500;В деревне монстры похитили путников. Нужно спасти их. Осмотрите все возможные укрытия, чтобы найти похищенных.;1
11261;Аделина;1051-10-03;да;1051-10-29;7.0;17000;Недалеко от города у меня пропала сумка с документами. Нужно вернуть её как можно скорее. Проверьте все места, где она могла быть оставлена.;2
11262;Аделина;1052-03-23;да;1052-04-06;10.0;10000;Недалеко от города встречаются звери. Нужно убить их.;3
11263;Бьянка;1051-06-11;да;1051-08-10;1.0;5000;В лесу недалеко от города были замечены разбойники. Нужно убить их.;3
11264;Чарли;1051-03-28;да;1051-05-10;4.0;29500;В лесу между городом и деревней заметили монстров. Нужно уничтожить их. Будьте осторожны, так как монстры могут быть опасными.;3
11265;Олег;1051-02-04;да;1051-03-22;1.0;11500;В пещере появвилось огромное каменное чудовище. Нужно убить его.;0
11266;Татьяна;1051-04-26;да;1051-06-20;9.0;6500;По дороге из деревни у меня был украден рюкзак. Нужно вернуть его как можно скорее.;2
11267;Влад;1053-03-09;да;1053-03-29;1.0;25500;По дороге из деревни монстры нападают на людей. Нужно уничтожить их.;3
11268;Роман;1053-07-17;да;1053-08-17;6.0;6000;В лесу недалеко от города разбойники нападают на людей. Нужно проучить их.;3
11269;Иван;1052-06-13;да;1052-08-02;5.0;6000;В деревне у меня потерялась сумка с документами. Нужно вернуть её как можно скорее. Проверьте все места, где она могла быть оставлена.;2
11270;Бьянка;1051-10-29;да;1051-11-10;2.0;20000;В пещере завёлся дракон. Нужно его уничтожить. Это может потребовать времени и усилий, так как дракон очень опасен.;0
11271;Егор;1053-06-25;да;1053-08-09;8.0;12500;Недалеко от города видели монстров. Нужно победить их.;3
11272;Надя;1052-08-24;да;1052-10-05;7.0;5500;В пещере завёлся дракон. Нужно его убить.;0
11273;Надя;1053-05-02;да;1053-06-14;6.0;8000;По дороге из деревни у меня пропал рюкзак. Нужно найти его как можно скорее.;2
11274;Анна;1051-04-13;да;1051-04-23;8.0;16000;В городе монстры похитили путников. Нужно освободить их. Осмотрите все возможные укрытия, чтобы найти похищенных.;1
11275;Татьяна;1051-11-22;да;1052-01-01;7.0;22500;В пещере появвилось огромное каменное чудовище. Нужно убить его.;0
11276;Надя;1051-07-15;да;1051-08-11;4.0;13500;В деревне монстры похитили путников. Нужно освободить их.;1
11277;Иван;1051-08-05;да;1051-09-15;10.0;5500;В пещере завёлся дракон. Нужно его убить.;0
11278;Аделина;1051-05-09;да;1051-07-03;4.0;29500;В деревне у меня пропала сумка с документами. Нужно вернуть её как можно скорее.;2
11279;Аделина;1051-05-05;да;1051-06-01;10.0;24500;В пещере появвилось огромное каменное чудовище. Нужно убить его.;0
11280;Надя;1052-10-13;да;1052-10-26;1.0;24500;В лесу по дороге от пещеры монстры нападают на людей. Нужно уничтожить их.;3
11281;Эмилио;1052-02-04;да;1052-02-29;6.0;25500;В городе монстры похитили путников. Нужно спасти их. Осмотрите все возможные укрытия, чтобы найти похищенных.;1
11282;Леонтия;1053-06-10;да;1053-08-05;2.0;10500;В городе у меня потерялась сумка с документами. Нужно вернуть её как можно скорее.;2
11283;Леонтия;1052-12-31;да;1053-02-09;5.0;6500;В пещере появвилось огромное каменное чудовище. Нужно уничтожить его. Это может потребовать времени и усилий, так как огромное каменное чудовище очень опасен.;0
11284;Эмилио;1051-05-13;да;1051-05-18;2.0;10500;В деревне у меня был украден рюкзак. Нужно найти его как можно скорее. Проверьте все места, где он мог быть оставлен.;2
11285;Чарли;1053-09-30;нет;;;5000;В городе у меня потерялся рюкзак. Нужно найти его как можно скорее.;2
11286;Татьяна;1053-08-29;да;1053-09-11;8.0;26000;В городе у меня пропала драгоценность. Нужно найти её как можно скорее. Проверьте все места, где она могла быть оставлена.;2
11287;Эмилио;1052-04-20;да;1052-06-16;2.0;15000;По дороге из деревни монстры похитили путников. Нужно освободить их.;1
11288;Аделина;1053-04-03;да;1053-06-01;3.0;10000;В городе монстры похитили путников. Нужно освободить их. Осмотрите все возможные укрытия, чтобы найти похищенных.;1
11289;Егор;1051-08-08;да;1051-08-12;1.0;14000;Недалеко от города монстры похитили путников. Нужно освободить их. Осмотрите все возможные укрытия, чтобы найти похищенных.;1
11290;Роман;1053-04-22;да;1053-06-18;1.0;29000;В городе у меня была украдена драгоценность. Нужно найти её как можно скорее.;2
11291;Чарли;1051-04-30;да;1051-05-05;3.0;15000;По дороге из деревни у меня потерялась драгоценность. Нужно найти её как можно скорее.;2
11292;Иван;1053-08-10;да;1053-09-10;7.0;19000;В деревне у меня пропала драгоценность. Нужно вернуть её как можно скорее.;2
11293;Татьяна;1052-09-17;да;1052-10-09;5.0;15000;Недалеко от города звери нападают на людей. Нужно убить их.;3
11294;Иван;1051-03-05;да;1051-04-20;7.0;28500;В лесу недалеко от города были замечены разбойники. Нужно проучить их. Осмотрите все возможные укрытия, чтобы найти разбойников.;3
11295;Чарли;1052-11-23;да;1053-01-16;7.0;15500;В пещере завёлся дракон. Нужно его уничтожить.;0
11296;Роман;1051-02-20;да;1051-03-19;4.0;20500;По дороге из деревни заметили разбойников. Нужно проучить их.;3
11297;Анна;1052-02-10;да;1052-02-26;6.0;14500;В деревне у меня пропала сумка с документами. Нужно найти её как можно скорее. Проверьте все места, где она могла быть оставлена.;2
11298;Чарли;1052-08-09;да;1052-08-30;3.0;5500;В деревне монстры похитили путников. Нужно освободить их.;1
11299;Леонтия;1053-03-08;да;1053-04-29;4.0;17000;Недалеко от города у меня потерялся рюкзак. Нужно вернуть его как можно скорее.;2
11300;Влад;1053-06-28;да;1053-08-13;1.0;11000;В лесу между городом и деревней видели монстров. Нужно победить их.;3
11301;Анна;1051-03-23;да;1051-03-31;5.0;16000;В пещере завёлся дракон. Нужно его убить.;0
11302;Надя;1053-06-27;да;1053-08-13;7.0;5000;В лесу между городом и деревней заметили разбойников. Нужно прогнать их.;3
11303;Надя;1051-04-19;да;1051-05-01;5.0;9000;В пещере завёлся дракон. Нужно его уничтожить.;0
11304;Роман;1052-11-21;да;1053-01-06;6.0;22000;В лесу между городом и деревней заметили разбойников. Нужно проучить их.;3
11305;Олег;1051-06-10;да;1051-06-21;4.0;9500;По дороге из деревни разбойники нападают на людей. Нужно прогнать их.;3
11306;Олег;1053-11-15;нет;;;17000;В деревне монстры похитили путников. Нужно спасти их. Осмотрите все возможные укрытия, чтобы найти похищенных.;1
11307;Влад;1051-01-22;да;1051-02-12;8.0;10500;Недалеко от города монстры похитили путников. Нужно спасти их. Осмотрите все возможные укрытия, чтобы найти похищенных.;1
11308;Анна;1053-05-09;да;1053-05-27;6.0;29500;В деревне у меня пропал рюкзак. Нужно вернуть его как можно скорее.;2
11309;Эмилио;1053-05-16;да;1053-06-16;5.0;26000;В городе у меня потерялась сумка с документами. Нужно вернуть её как можно скорее.;2
11310;Надя;1053-09-24;нет;;;5000;По дороге из деревни монстры похитили путников. Нужно спасти их. Осмотрите все возможные укрытия, чтобы найти похищенных.;1
11311;Бабушка Синь;1053-09-20;нет;;;19000;По дороге из деревни у меня была украдена драгоценность. Нужно вернуть её как можно скорее.;2
11312;Чарли;1052-07-09;да;1052-08-22;8.0;8000;В пещере завёлся дракон. Нужно его уничтожить.;0
11313;Влад;1052-05-10;да;1052-06-16;10.0;12000;В лесу по дороге от пещеры заметили зверей. Нужно убить их. Будьте осторожны, так как звери могут быть опасными.;3
11314;Максимилиан;1051-05-26;да;1051-06-13;8.0;13000;Недалеко от города у меня пропала драгоценность. Нужно вернуть её как можно скорее.;2
11315;Мария;1052-02-11;да;1052-04-11;6.0;7500;В деревне у меня была украдена драгоценность. Нужно найти её как можно скорее.;2
11316;Максимилиан;1051-08-14;да;1051-10-10;8.0;18500;Недалеко от города у меня потерялась драгоценность. Нужно вернуть её как можно скорее. Проверьте все места, где она могла быть оставлена.;2
11317;Роман;1052-12-20;да;1053-01-14;8.0;21500;Недалеко от города у меня был украден рюкзак. Нужно вернуть его как можно скорее. Проверьте все места, где он мог быть оставлен.;2
11318;Чарли;1051-01-03;да;1051-02-12;4.0;25500;В лесу недалеко от города звери нападают на людей. Нужно убить их.;3
11319;Мария;1052-04-17;да;1052-06-09;4.0;22000;Недалеко от города встречаются звери. Нужно убить их.;3
11320;Максимилиан;1053-05-08;да;1053-06-17;6.0;29000;По дороге из деревни у меня была украдена драгоценность. Нужно вернуть её как можно скорее.;2
11321;Егор;1053-07-01;да;1053-07-05;1.0;28000;В деревне монстры похитили путников. Нужно спасти их. Осмотрите все возможные укрытия, чтобы найти похищенных.;1
11322;Роман;1053-09-29;да;1053-10-26;10.0;8000;Недалеко от города у меня потерялась сумка с документами. Нужно вернуть её как можно скорее.;2
11323;Максимилиан;1052-12-07;да;1052-12-11;3.0;19000;В пещере завёлся дракон. Нужно его убить. Это может потребовать времени и усилий, так как дракон очень опасен.;0
11324;Эмилио;1051-04-16;да;1051-04-19;1.0;23500;В городе монстры похитили путников. Нужно освободить их. Осмотрите все возможные укрытия, чтобы найти похищенных.;1
11325;Аделина;1052-02-27;да;1052-03-08;3.0;26500;По дороге из деревни у меня был украден рюкзак. Нужно вернуть его как можно скорее.;2
11326;Егор;1052-07-05;да;1052-08-27;1.0;5000;Недалеко от города у меня потерялась сумка с документами. Нужно найти её как можно скорее.;2
11327;Роман;1052-09-04;да;1052-09-07;1.0;14500;По дороге из деревни у меня потерялась драгоценность. Нужно найти её как можно скорее. Проверьте все места, где она могла быть оставлена.;2
11328;Бьянка;1051-12-15;да;1052-01-14;2.0;22000;Недалеко от города у меня был украден рюкзак. Нужно вернуть его как можно скорее.;2
11329;Бьянка;1053-06-19;да;1053-08-04;1.0;22500;Недалеко от города у меня был украден рюкзак. Нужно найти его как можно скорее.;2
11330;Максимилиан;1053-05-08;да;1053-06-26;1.0;26000;По дороге из деревни у меня пропала драгоценность. Нужно вернуть её как можно скорее.;2
11331;Иван;1052-06-04;да;1052-07-26;2.0;6500;В пещере завёлся дракон. Нужно его уничтожить.;0
11332;Бабушка Синь;1051-05-27;да;1051-06-10;7.0;11500;В городе у меня был украден рюкзак. Нужно найти его как можно скорее.;2
11333;Аделина;1052-02-04;да;1052-03-28;8.0;17500;По дороге из деревни звери нападают на людей. Нужно убить их.;3
11334;Эмилио;1051-06-14;да;1051-08-03;7.0;14000;Недалеко от города были замечены разбойники. Нужно убить их. Будьте осторожны, так как разбойники могут быть опасными.;3
11335;Бабушка Синь;1051-09-02;да;1051-10-21;9.0;14000;В лесу между городом и деревней были замечены разбойники. Нужно прогнать их. Осмотрите все возможные укрытия, чтобы найти разбойников.;3
11336;Надя;1052-04-21;да;1052-06-12;2.0;29000;В деревне монстры похитили путников. Нужно освободить их.;1
11337;Егор;1052-01-11;да;1052-02-08;1.0;8000;В пещере появвилось огромное каменное чудовище. Нужно убить его. Это может потребовать времени и усилий, так как огромное каменное чудовище очень опасен.;0
11338;Татьяна;1052-10-16;да;1052-12-13;9.0;17000;В городе у меня пропал рюкзак. Нужно вернуть его как можно скорее.;2
11339;Леонтия;1051-11-20;да;1051-12-18;8.0;10000;В пещере завёлся дракон. Нужно его убить.;0
11340;Влад;1052-10-20;да;1052-11-05;9.0;25000;В городе у меня пропала драгоценность. Нужно найти её как можно скорее.;2
11341;Бабушка Синь;1051-05-01;да;1051-05-11;4.0;11000;Недалеко от города монстры похитили путников. Нужно освободить их. Осмотрите все возможные укрытия, чтобы найти похищенных.;1
11342;Бабушка Синь;1051-01-20;да;1051-02-18;6.0;7500;По дороге из деревни звери нападают на людей. Нужно убить их.;3
11343;Надя;1051-04-25;да;1051-06-16;8.0;26000;В пещере завёлся дракон. Нужно его уничтожить. Это может потребовать времени и усилий, так как дракон очень опасен.;0
11344;Бьянка;1051-08-24;да;1051-09-13;5.0;26500;Недалеко от города у меня был украден рюкзак. Нужно найти его как можно скорее.;2
11345;Мария;1053-11-22;да;1053-11-25;2.0;9500;В пещере появвилось огромное каменное чудовище. Нужно убить его. Это может потребовать времени и усилий, так как огромное каменное чудовище очень опасен.;0
11346;Роман;1051-10-12;да;1051-10-18;3.0;27000;В пещере завёлся дракон. Нужно его уничтожить. Это может потребовать времени и усилий, так как дракон очень опасен.;0
11347;Чарли;1052-12-09;да;1052-12-26;5.0;28000;В пещере появвилось огромное каменное чудовище. Нужно убить его.;0
11348;Бьянка;1051-05-29;да;1051-07-17;6.0;27000;В пещере появвилось огромное каменное чудовище. Нужно убить его.;0
11349;Леонтия;1051-11-30;да;1051-12-07;5.0;29500;В лесу около деревни видели монстров. Нужно уничтожить их.;3
11350;Олег;1051-05-25;да;1051-05-29;3.0;16000;В лесу по дороге от пещеры заметили монстров. Нужно победить их.;3
11351;Мария;1051-04-06;да;1051-05-11;1.0;13500;В лесу по дороге от пещеры звери нападают на людей. Нужно прогнать их. Осмотрите все возможные укрытия, чтобы найти зверей.;3
11352;Иван;1053-05-07;да;1053-06-01;8.0;5000;В деревне у меня был украден рюкзак. Нужно вернуть его как можно скорее.;2
11353;Влад;1051-12-20;да;1051-12-29;6.0;21500;Недалеко от города заметили разбойников. Нужно прогнать их.;3
11354;Аделина;1051-10-02;да;1051-11-17;6.0;28500;В городе у меня пропала драгоценность. Нужно вернуть её как можно скорее.;2
11355;Мария;1052-05-12;да;1052-06-27;8.0;17000;В пещере появвилось огромное каменное чудовище. Нужно уничтожить его.;0
11356;Бьянка;1051-10-13;да;1051-12-02;9.0;9000;По дороге из деревни монстры похитили путников. Нужно освободить их.;1
11357;Егор;1052-04-06;да;1052-05-11;9.0;5500;В пещере завёлся дракон. Нужно его убить. Это может потребовать времени и усилий, так как дракон очень опасен.;0
11358;Егор;1051-02-15;да;1051-03-16;4.0;8500;В пещере завёлся дракон. Нужно его уничтожить.;0
11359;Влад;1051-08-07;да;1051-09-11;7.0;16000;Недалеко от города у меня пропал рюкзак. Нужно найти его как можно скорее. Проверьте все места, где он мог быть оставлен.;2
11360;Иван;1051-09-06;да;1051-09-09;2.0;28000;Недалеко от города монстры похитили путников. Нужно спасти их. Осмотрите все возможные укрытия, чтобы найти похищенных.;1
11361;Роман;1052-05-21;да;1052-06-26;1.0;17500;В деревне у меня потерялась сумка с документами. Нужно вернуть её как можно скорее.;2
11362;Леонтия;1052-03-07;да;1052-03-27;1.0;22500;По дороге из деревни монстры похитили путников. Нужно спасти их. Осмотрите все возможные укрытия, чтобы найти похищенных.;1
11363;Бьянка;1052-12-10;да;1052-12-14;3.0;16500;В пещере завёлся дракон. Нужно его убить.;0
11364;Аделина;1051-09-08;да;1051-10-29;8.0;25000;В лесу по дороге от пещеры звери нападают на людей. Нужно прогнать их. Будьте осторожны, так как звери могут быть опасными.;3
11365;Анна;1053-03-23;да;1053-05-08;8.0;9500;В лесу по дороге от пещеры заметили зверей. Нужно прогнать их. Будьте осторожны, так как звери могут быть опасными.;3
11366;Надя;1052-12-15;да;1053-02-09;9.0;13000;В лесу недалеко от города видели монстров. Нужно уничтожить их.;3
11367;Анна;1053-06-11;да;1053-07-16;3.0;7000;В пещере появвилось огромное каменное чудовище. Нужно уничтожить его.;0
11368;Максимилиан;1051-11-29;да;1052-01-23;10.0;25500;Недалеко от города у меня была украдена сумка с документами. Нужно найти её как можно скорее. Проверьте все места, где она могла быть оставлена.;2
11369;Олег;1051-10-03;да;1051-10-25;5.0;5500;В пещере завёлся дракон. Нужно его уничтожить.;0
11370;Олег;1051-12-19;да;1052-01-08;6.0;5000;Недалеко от города у меня потерялся рюкзак. Нужно найти его как можно скорее.;2
11371;Роман;1052-08-07;да;1052-08-22;5.0;10000;В лесу около деревни заметили зверей. Нужно прогнать их. Осмотрите все возможные укрытия, чтобы найти зверей.;3
11372;Аделина;1052-08-27;да;1052-10-25;9.0;27500;В лесу недалеко от города заметили монстров. Нужно уничтожить их.;3
11373;Бьянка;1052-11-01;да;1052-12-31;7.0;18500;В пещере завёлся дракон. Нужно его уничтожить. Это может потребовать времени и усилий, так как дракон очень опасен.;0
11374;Надя;1052-08-20;да;1052-09-09;4.0;12500;В лесу недалеко от города заметили монстров. Нужно победить их. Будьте осторожны, так как монстры могут быть опасными.;3
11375;Эмилио;1053-06-14;да;1053-07-02;8.0;8500;В пещере появвилось огромное каменное чудовище. Нужно убить его.;0
11376;Надя;1053-07-07;да;1053-08-28;3.0;12500;По дороге из деревни монстры похитили путников. Нужно спасти их.;1
11377;Эмилио;1051-11-19;да;1051-12-06;9.0;27500;В деревне у меня была украдена сумка с документами. Нужно вернуть её как можно скорее.;2
11378;Бабушка Синь;1052-05-15;да;1052-06-15;3.0;8500;Недалеко от города разбойники нападают на людей. Нужно прогнать их.;3
11379;Чарли;1051-11-12;да;1051-12-24;9.0;26000;По дороге из деревни монстры похитили путников. Нужно освободить их.;1
11380;Влад;1052-07-08;да;1052-07-26;10.0;8500;По дороге из деревни у меня пропала сумка с документами. Нужно вернуть её как можно скорее.;2
11381;Егор;1053-09-20;нет;;;7000;В пещере появвилось огромное каменное чудовище. Нужно убить его.;0
11382;Бабушка Синь;1052-02-26;да;1052-04-02;4.0;21500;В лесу около деревни встречаются звери. Нужно убить их.;3
11383;Леонтия;1051-08-03;да;1051-08-29;2.0;6500;В деревне монстры похитили путников. Нужно спасти их. Осмотрите все возможные укрытия, чтобы найти похищенных.;1
11384;Влад;1052-03-03;да;1052-04-25;1.0;13000;Недалеко от города у меня была украдена сумка с документами. Нужно вернуть её как можно скорее. Проверьте все места, где она могла быть оставлена.;2
11385;Бьянка;1053-05-07;да;1053-07-03;4.0;28000;В деревне у меня был украден рюкзак. Нужно вернуть его как можно скорее.;2
11386;Чарли;1051-11-05;да;1051-11-15;2.0;29500;В городе у меня была украдена драгоценность. Нужно вернуть её как можно скорее.;2
11387;Татьяна;1053-10-13;нет;;;6500;Недалеко от города у меня пропала драгоценность. Нужно вернуть её как можно скорее.;2
11388;Бабушка Синь;1052-01-16;да;1052-02-09;6.0;13500;В лесу около деревни встречаются звери. Нужно прогнать их.;3
11389;Олег;1052-12-06;да;1053-01-24;8.0;15000;В пещере завёлся дракон. Нужно его убить. Это может потребовать времени и усилий, так как дракон очень опасен.;0
11390;Егор;1053-10-15;да;1053-10-19;2.0;22500;В пещере появвилось огромное каменное чудовище. Нужно уничтожить его.;0
11391;Мария;1053-01-08;да;1053-02-09;8.0;27500;Недалеко от города монстры похитили путников. Нужно спасти их. Осмотрите все возможные укрытия, чтобы найти похищенных.;1
11392;Татьяна;1051-04-04;да;1051-05-25;5.0;11000;В пещере завёлся дракон. Нужно его убить.;0
11393;Максимилиан;1053-08-07;да;1053-09-12;3.0;12000;По дороге из деревни монстры похитили путников. Нужно освободить их.;1
11394;Иван;1053-09-17;да;1053-11-02;6.0;16500;В пещере появвилось огромное каменное чудовище. Нужно убить его. Это может потребовать времени и усилий, так как огромное каменное чудовище очень опасен.;0
11395;Чарли;1051-02-17;да;1051-04-02;2.0;24500;В лесу недалеко от города были замечены разбойники. Нужно проучить их.;3
11396;Анна;1053-10-31;нет;;;23000;В лесу недалеко от города заметили зверей. Нужно убить их.;3
11397;Леонтия;1052-12-17;да;1053-01-28;7.0;15000;По дороге из деревни монстры похитили путников. Нужно спасти их.;1
11398;Анна;1052-09-03;да;1052-10-22;10.0;12000;В лесу между городом и деревней заметили разбойников. Нужно прогнать их. Осмотрите все возможные укрытия, чтобы найти разбойников.;3
11399;Бабушка Синь;1052-11-19;да;1052-12-01;5.0;6000;В пещере завёлся дракон. Нужно его уничтожить.;0
11400;Леонтия;1052-09-24;да;1052-10-05;4.0;5000;В пещере появвилось огромное каменное чудовище. Нужно уничтожить его.;0
11401;Бабушка Синь;1051-01-28;да;1051-03-07;8.0;17000;В городе монстры похитили путников. Нужно освободить их. Осмотрите все возможные укрытия, чтобы найти похищенных.;1
11402;Егор;1053-11-12;нет;;;12000;По дороге из деревни у меня потерялась драгоценность. Нужно вернуть её как можно скорее.;2
11403;Чарли;1052-02-28;да;1052-03-14;9.0;18500;В деревне у меня был украден рюкзак. Нужно вернуть его как можно скорее.;2
11404;Олег;1053-04-15;да;1053-05-28;3.0;29500;В лесу по дороге от пещеры монстры нападают на людей. Нужно победить их.;3
11405;Бабушка Синь;1052-01-12;да;1052-02-15;2.0;17000;В пещере появвилось огромное каменное чудовище. Нужно убить его.;0
11406;Аделина;1051-04-21;да;1051-06-14;3.0;21500;Недалеко от города заметили зверей. Нужно убить их.;3
11407;Эмилио;1051-12-16;да;1051-12-31;7.0;19000;В городе у меня пропал рюкзак. Нужно найти его как можно скорее.;2
11408;Леонтия;1051-05-29;да;1051-06-11;5.0;28000;В пещере завёлся дракон. Нужно его убить.;0
11409;Надя;1051-12-07;да;1051-12-26;7.0;16000;В лесу по дороге от пещеры звери нападают на людей. Нужно прогнать их.;3
11410;Егор;1051-04-22;да;1051-05-24;9.0;27500;В деревне у меня была украдена драгоценность. Нужно найти её как можно скорее. Проверьте все места, где она могла быть оставлена.;2
11411;Анна;1051-03-23;да;1051-05-15;4.0;26000;Недалеко от города у меня пропал рюкзак. Нужно вернуть его как можно скорее. Проверьте все места, где он мог быть оставлен.;2
11412;Роман;1053-01-27;да;1053-03-13;4.0;9500;В пещере завёлся дракон. Нужно его уничтожить.;0
11413;Роман;1052-08-06;да;1052-08-10;1.0;7500;Недалеко от города у меня пропала сумка с документами. Нужно вернуть её как можно скорее.;2
11414;Влад;1052-11-15;да;1052-12-18;4.0;9000;Недалеко от города у меня был украден рюкзак. Нужно найти его как можно скорее. Проверьте все места, где он мог быть оставлен.;2
11415;Максимилиан;1052-09-04;да;1052-10-11;6.0;11000;По дороге из деревни у меня потерялась драгоценность. Нужно найти её как можно скорее.;2
11416;Иван;1053-07-25;да;1053-08-25;7.0;19000;В лесу около деревни заметили зверей. Нужно прогнать их.;3
11417;Леонтия;1053-09-22;нет;;;20500;Недалеко от города у меня была украдена драгоценность. Нужно найти её как можно скорее.;2
11418;Эмилио;1053-07-21;да;1053-08-28;6.0;25000;В лесу между городом и деревней монстры нападают на людей. Нужно уничтожить их.;3
11419;Аделина;1051-04-10;да;1051-05-22;9.0;22000;В лесу недалеко от города видели монстров. Нужно уничтожить их.;3
11420;Иван;1053-06-18;да;1053-08-14;5.0;7000;В лесу между городом и деревней разбойники нападают на людей. Нужно проучить их.;3
11421;Аделина;1053-03-15;да;1053-05-09;10.0;19500;В деревне у меня потерялась сумка с документами. Нужно найти её как можно скорее.;2
11422;Эмилио;1052-07-19;да;1052-08-11;8.0;27500;Недалеко от города у меня пропал рюкзак. Нужно найти его как можно скорее.;2
11423;Аделина;1051-05-09;да;1051-05-17;2.0;28000;По дороге из деревни у меня был украден рюкзак. Нужно найти его как можно скорее.;2
11424;Аделина;1051-03-02;да;1051-03-29;5.0;9500;В лесу около деревни монстры нападают на людей. Нужно уничтожить их.;3
11425;Мария;1051-04-27;да;1051-05-29;1.0;7500;По дороге из деревни были замечены разбойники. Нужно убить их.;3
11426;Леонтия;1053-05-24;да;1053-05-31;4.0;7500;В городе у меня пропала драгоценность. Нужно вернуть её как можно скорее. Проверьте все места, где она могла быть оставлена.;2
11427;Татьяна;1053-06-02;да;1053-07-12;10.0;5000;В лесу между городом и деревней разбойники нападают на людей. Нужно прогнать их.;3
11428;Эмилио;1053-11-04;нет;;;12500;В лесу около деревни звери нападают на людей. Нужно прогнать их.;3
11429;Роман;1053-10-09;да;1053-12-05;1.0;29500;В городе у меня была украдена сумка с документами. Нужно найти её как можно скорее. Проверьте все места, где она могла быть оставлена.;2
11430;Татьяна;1053-08-13;да;1053-09-21;9.0;25000;В городе у меня потерялась сумка с документами. Нужно найти её как можно скорее. Проверьте все места, где она могла быть оставлена.;2
11431;Максимилиан;1051-07-15;да;1051-08-21;9.0;14000;В лесу около деревни видели монстров. Нужно победить их. Будьте осторожны, так как монстры могут быть опасными.;3
11432;Чарли;1052-12-09;да;1052-12-23;9.0;25500;По дороге из деревни были замечены разбойники. Нужно проучить их. Будьте осторожны, так как разбойники могут быть опасными.;3
11433;Леонтия;1053-05-03;да;1053-05-21;8.0;9500;В городе у меня пропал рюкзак. Нужно вернуть его как можно скорее.;2
11434;Эмилио;1053-03-24;да;1053-04-03;8.0;23000;В городе у меня пропала сумка с документами. Нужно вернуть её как можно скорее. Проверьте все места, где она могла быть оставлена.;2
11435;Эмилио;1052-12-17;да;1053-01-09;7.0;5500;Недалеко от города у меня была украдена сумка с документами. Нужно найти её как можно скорее.;2
11436;Егор;1052-12-19;да;1052-12-31;7.0;28000;В лесу недалеко от города заметили монстров. Нужно победить их. Осмотрите все возможные укрытия, чтобы найти монстров.;3
11437;Мария;1052-05-24;да;1052-06-09;8.0;21000;В пещере завёлся дракон. Нужно его уничтожить.;0
11438;Влад;1053-11-19;нет;;;11000;В городе у меня пропала драгоценность. Нужно вернуть её как можно скорее. Проверьте все места, где она могла быть оставлена.;2
11439;Иван;1051-08-05;да;1051-09-16;9.0;18000;По дороге из деревни у меня была украдена сумка с документами. Нужно найти её как можно скорее.;2
11440;Мария;1051-10-06;да;1051-10-28;5.0;28500;Недалеко от города заметили разбойников. Нужно проучить их.;3
11441;Анна;1053-01-07;да;1053-02-18;10.0;7000;В лесу недалеко от города видели монстров. Нужно победить их.;3
11442;Мария;1052-11-17;да;1053-01-16;3.0;28000;Недалеко от города монстры похитили путников. Нужно спасти их. Осмотрите все возможные укрытия, чтобы найти похищенных.;1
11443;Мария;1051-12-17;да;1052-02-12;5.0;16500;По дороге из деревни заметили зверей. Нужно прогнать их.;3
11444;Аделина;1052-04-11;да;1052-06-01;10.0;16500;В пещере появвилось огромное каменное чудовище. Нужно убить его.;0
11445;Аделина;1051-10-28;да;1051-12-20;7.0;28500;Недалеко от города у меня пропала драгоценность. Нужно вернуть её как можно скорее.;2
11446;Роман;1053-09-03;да;1053-09-06;2.0;12500;По дороге из деревни монстры похитили путников. Нужно спасти их.;1
11447;Бьянка;1053-09-09;да;1053-09-17;1.0;5000;В деревне монстры похитили путников. Нужно освободить их.;1
11448;Мария;1051-08-16;да;1051-08-30;3.0;18000;В лесу недалеко от города монстры нападают на людей. Нужно победить их. Осмотрите все возможные укрытия, чтобы найти монстров.;3
11449;Егор;1052-01-31;да;1052-03-17;9.0;22000;В городе у меня потерялась сумка с документами. Нужно найти её как можно скорее.;2
11450;Егор;1051-03-10;да;1051-04-26;9.0;21500;В деревне у меня потерялась сумка с документами. Нужно найти её как можно скорее.;2
11451;Роман;1051-02-12;да;1051-02-27;8.0;8000;По дороге из деревни монстры похитили путников. Нужно освободить их.;1
11452;Иван;1051-03-14;да;1051-04-17;3.0;9000;В пещере появвилось огромное каменное чудовище. Нужно убить его.;0
11453;Егор;1051-04-28;да;1051-06-18;7.0;27000;В городе монстры похитили путников. Нужно спасти их. Осмотрите все возможные укрытия, чтобы найти похищенных.;1
11454;Олег;1052-08-25;да;1052-09-14;6.0;5500;По дороге из деревни у меня пропала сумка с документами. Нужно найти её как можно скорее. Проверьте все места, где она могла быть оставлена.;2
11455;Роман;1053-04-23;да;1053-05-27;2.0;14500;В деревне у меня был украден рюкзак. Нужно найти его как можно скорее.;2
11456;Анна;1052-10-07;да;1052-11-02;7.0;10000;В городе у меня была украдена сумка с документами. Нужно вернуть её как можно скорее.;2
11457;Олег;1053-03-09;да;1053-04-29;3.0;12500;В городе у меня потерялся рюкзак. Нужно вернуть его как можно скорее. Проверьте все места, где он мог быть оставлен.;2
11458;Максимилиан;1052-12-30;да;1053-01-02;2.0;28500;В лесу между городом и деревней заметили разбойников. Нужно убить их. Будьте осторожны, так как разбойники могут быть опасными.;3
11459;Бабушка Синь;1051-04-29;да;1051-06-27;5.0;6500;В лесу недалеко от города заметили разбойников. Нужно убить их.;3
11460;Анна;1052-09-05;да;1052-09-11;3.0;27000;В городе монстры похитили путников. Нужно освободить их. Осмотрите все возможные укрытия, чтобы найти похищенных.;1
11461;Роман;1051-05-17;да;1051-06-11;2.0;28000;В городе у меня пропал рюкзак. Нужно найти его как можно скорее.;2
11462;Егор;1053-11-22;нет;;;19500;В городе монстры похитили путников. Нужно освободить их. Осмотрите все возможные укрытия, чтобы найти похищенных.;1
11463;Влад;1052-09-18;да;1052-10-04;1.0;11500;В пещере появвилось огромное каменное чудовище. Нужно убить его.;0
11464;Влад;1053-01-21;да;1053-03-19;4.0;6000;В городе у меня потерялась сумка с документами. Нужно вернуть её как можно скорее. Проверьте все места, где она могла быть оставлена.;2
11465;Надя;1052-05-22;да;1052-06-10;10.0;28000;Недалеко от города разбойники нападают на людей. Нужно убить их.;3
11466;Олег;1051-06-03;да;1051-07-28;10.0;25500;В лесу по дороге от пещеры видели монстров. Нужно уничтожить их.;3
11467;Эмилио;1052-06-17;да;1052-06-29;7.0;18500;В лесу около деревни монстры нападают на людей. Нужно уничтожить их. Будьте осторожны, так как монстры могут быть опасными.;3
11468;Роман;1053-08-24;да;1053-09-16;5.0;7500;По дороге из деревни у меня была украдена драгоценность. Нужно найти её как можно скорее.;2
11469;Эмилио;1053-01-01;да;1053-01-22;5.0;13500;По дороге из деревни монстры нападают на людей. Нужно уничтожить их. Будьте осторожны, так как монстры могут быть опасными.;3
11470;Иван;1053-06-16;да;1053-07-04;1.0;13000;По дороге из деревни у меня пропала драгоценность. Нужно найти её как можно скорее.;2
11471;Роман;1053-01-15;да;1053-03-04;2.0;18000;В пещере завёлся дракон. Нужно его уничтожить. Это может потребовать времени и усилий, так как дракон очень опасен.;0
11472;Бьянка;1051-03-23;да;1051-04-21;10.0;9000;В деревне монстры похитили путников. Нужно освободить их.;1
11473;Чарли;1053-11-05;да;1053-11-21;2.0;13500;В деревне у меня была украдена сумка с документами. Нужно вернуть её как можно скорее.;2
11474;Эмилио;1053-03-21;да;1053-04-16;2.0;6000;Недалеко от города монстры похитили путников. Нужно освободить их. Осмотрите все возможные укрытия, чтобы найти похищенных.;1
11475;Олег;1053-08-19;да;1053-10-18;2.0;20000;В пещере завёлся дракон. Нужно его уничтожить. Это может потребовать времени и усилий, так как дракон очень опасен.;0
11476;Аделина;1052-01-01;да;1052-01-07;3.0;10000;По дороге из деревни звери нападают на людей. Нужно прогнать их. Будьте осторожны, так как звери могут быть опасными.;3
11477;Влад;1052-05-09;да;1052-05-16;1.0;24000;Недалеко от города у меня потерялась драгоценность. Нужно найти её как можно скорее.;2
11478;Чарли;1052-11-16;да;1052-11-27;10.0;24000;В пещере завёлся дракон. Нужно его уничтожить. Это может потребовать времени и усилий, так как дракон очень опасен.;0
11479;Иван;1051-12-16;да;1052-02-04;1.0;20500;В деревне у меня пропала драгоценность. Нужно найти её как можно скорее. Проверьте все места, где она могла быть оставлена.;2
11480;Влад;1052-04-07;да;1052-05-11;2.0;16500;В городе у меня потерялась драгоценность. Нужно найти её как можно скорее.;2
11481;Егор;1051-12-24;да;1052-01-06;3.0;27500;В городе у меня потерялась драгоценность. Нужно вернуть её как можно скорее.;2
11482;Иван;1051-10-23;да;1051-11-02;2.0;18000;В лесу около деревни видели монстров. Нужно уничтожить их. Будьте осторожны, так как монстры могут быть опасными.;3
11483;Чарли;1053-07-15;да;1053-08-09;5.0;24500;В пещере завёлся дракон. Нужно его убить. Это может потребовать времени и усилий, так как дракон очень опасен.;0
11484;Анна;1052-06-26;да;1052-07-16;1.0;29000;В лесу по дороге от пещеры разбойники нападают на людей. Нужно проучить их.;3
11485;Олег;1051-08-13;да;1051-08-29;2.0;23500;В деревне у меня был украден рюкзак. Нужно вернуть его как можно скорее.;2
11486;Чарли;1052-03-30;да;1052-04-13;6.0;7000;В деревне у меня пропал рюкзак. Нужно вернуть его как можно скорее.;2
11487;Максимилиан;1051-02-16;да;1051-03-30;3.0;17500;По дороге из деревни заметили разбойников. Нужно прогнать их. Будьте осторожны, так как разбойники могут быть опасными.;3
11488;Максимилиан;1052-12-17;да;1053-02-13;4.0;20500;В лесу по дороге от пещеры встречаются звери. Нужно прогнать их. Осмотрите все возможные укрытия, чтобы найти зверей.;3
11489;Анна;1053-07-03;да;1053-08-18;7.0;15000;По дороге из деревни монстры похитили путников. Нужно спасти их.;1
11490;Анна;1052-04-07;да;1052-04-24;1.0;26500;В лесу по дороге от пещеры видели монстров. Нужно уничтожить их.;3
11491;Роман;1053-05-13;да;1053-07-11;1.0;9000;В пещере появвилось огромное каменное чудовище. Нужно уничтожить его. Это может потребовать времени и усилий, так как огромное каменное чудовище очень опасен.;0
11492;Надя;1053-08-24;да;1053-09-11;4.0;7000;По дороге из деревни у меня была украдена драгоценность. Нужно вернуть её как можно скорее.;2
11493;Анна;1051-08-17;да;1051-09-28;4.0;8500;В лесу около деревни заметили разбойников. Нужно прогнать их.;3
11494;Леонтия;1052-08-05;да;1052-09-15;6.0;13500;Недалеко от города у меня пропал рюкзак. Нужно вернуть его как можно скорее.;2
11495;Чарли;1053-04-06;да;1053-05-11;4.0;23000;В лесу около деревни встречаются звери. Нужно убить их.;3
11496;Олег;1052-10-03;да;1052-11-25;7.0;9000;В лесу между городом и деревней видели монстров. Нужно победить их.;3
11497;Леонтия;1053-06-13;да;1053-07-10;4.0;8000;В лесу по дороге от пещеры монстры нападают на людей. Нужно победить их.;3
11498;Мария;1052-10-18;да;1052-12-16;2.0;28000;В лесу около деревни разбойники нападают на людей. Нужно прогнать их.;3
11499;Олег;1053-07-08;да;1053-07-15;4.0;16500;В лесу недалеко от города были замечены разбойники. Нужно проучить их.;3
